Mary|100
Patricia|100
Jennifer|100
Linda|100
Elizabeth|100
Barbara|100
Susan|100
Jessica|100
Sarah|100
Karen|100
Nancy|100
Lisa|100
Betty|100
Margaret|100
Sandra|100
Ashley|100
Kimberly|100
Emily|100
Donna|100
Michelle|100
Dorothy|100
Carol|100
Amanda|100
Melissa|100
Deborah|100
Stephanie|100
Rebecca|100
Sharon|100
Laura|100
Cynthia|100
Kathleen|100
Amy|100
Shirley|100
Angela|100
Helen|100
Anna|100
Brenda|100
Pamela|100
Nicole|100
Emma|100
Samantha|100
Katherine|100
Christine|100
Debra|100
Rachel|100
Catherine|100
Carolyn|100
Janet|100
Ruth|100
Maria|100
Heather|100
Diane|100
Virginia|100
Julie|100
Joyce|100
Victoria|100
Olivia|100
Kelly|100
Christina|100
Lauren|100
Joan|100
Evelyn|100
Judith|100
Megan|100
Cheryl|100
Andrea|100
Hannah|100
Martha|100
Jacqueline|100
Frances|100
Gloria|100
Ann|100
Teresa|100
Kathryn|100
Sara|100
Janice|100
Jean|100
Alice|100
Madison|100
Doris|100
Abigail|100
Julia|100
Judy|100
Grace|100
Denise|100
Amber|100
Marilyn|100
Beverly|100
Danielle|100
Theresa|100
Sophia|100
Marie|100
Diana|100
Brittany|100
Natalie|100
Isabella|100
Charlotte|100
Rose|100
Alexis|100
Kayla|100
