Dentist|100
Registered Nurse|100
Pharmacist|100
Computer Systems Analyst|100
Physician|100
Database Administrator|100
Software Developer|100
Physical Therapist|100
Web Developer|100
Dental Hygienist|100
Occupational Therapist|100
Veterinarian|100
Computer Programmer|100
School Psychologist|100
Physical Therapist Assistant|100
Interpreter & Translator|100
Mechanical Engineer|100
Veterinary Technologist & Technician|100
Epidemiologist|100
IT Manager|100
Market Research Analyst|100
Diagnostic Medical Sonographer|100
Computer Systems Administrator|100
Respiratory Therapist|100
Medical Secretary|100
Civil Engineer|100
Substance Abuse Counselor|100
Speech-Language Pathologist|100
Landscaper & Groundskeeper|100
Radiologic Technologist|100
Cost Estimator|100
Financial Advisor|100
Marriage & Family Therapist|100
Medical Assistant|100
Lawyer|100
Accountant|100
Compliance Officer|100
High School Teacher|100
Clinical Laboratory Technician|100
Maintenance & Repair Worker|100
Bookkeeping Accounting & Audit Clerk|100
Financial Manager|100
Recreation & Fitness Worker|100
Insurance Agent|100
Elementary School Teacher|100
Dental Assistant|100
Management Analyst|100
Home Health Aide|100
Pharmacy Technician|100
Construction Manager|100
Public Relations Specialist|100
Middle School Teacher|100
Massage Therapist|100
Paramedic|100
Preschool Teacher|100
Hairdresser|100
Marketing Manager|100
Patrol Officer|100
School Counselor|100
Executive Assistant|100
Financial Analyst|100
Personal Care Aide|100
Clinical Social Worker|100
Business Operations Manager|100
Loan Officer|100
Meeting Convention & Event Planner|100
Mental Health Counselor|100
Nursing Aide|100
Sales Representative|100
Architect|100
Sales Manager|100
HR Specialist|100
Plumber|100
Real Estate Agent|100
Glazier|100
Art Director|100
Customer Service Representative|100
Logistician|100
Auto Mechanic|100
Bus Driver|100
Restaurant Cook|100
Child & Family Social Worker|100
Administrative Assistant|100
Receptionist|100
Paralegal|100
Cement Mason & Concrete Finisher|100
Painter|100
Sports Coach|100
Teacher Assistant|100
Brickmason & Blockmason|100
Cashier|100
Janitor|100
Electrician|100
Delivery Truck Driver|100
Maid & Housekeeper|100
Carpenter|100
Security Guard|100
Construction Worker|100
Fabricator|100
Telemarketer|100
