Adams|100
Allen|100
Alvarez|100
Anderson|100
Bailey|100
Baker|100
Bennet|100
Brooks|100
Brown|100
Campbell|100
Carter|100
Castillo|100
Chavez|100
Clark|100
Collins|100
Cook|100
Cooper|100
Cox|100
Cruz|100
Davis|100
Diaz|100
Edwards|100
English|100
Evans|100
Flores|100
Foster|100
Garcia|100
Gomez|100
Gonzales|100
Gray|100
Green|100
Gutierrez|100
Hall|100
Harris|100
Hernandez|100
Hill|100
Howard|100
Hughes|100
Irish|100
Jackson|100
James|100
Jimenez|100
Johnson|100
Jones|100
Kelly|100
Kim|100
King|100
Korean|100
Lee|100
Lewis|100
Long|100
Lopez|100
Martin|100
Martinez|100
Mendoza|100
Miller|100
Mitchell|100
Moore|100
Morales|100
Morgan|100
Morris|100
Murphy|100
Myers|100
Nelson|100
Nguyen|100
Ortiz|100
Parker|100
Patel|100
Perez|100
Peterson|100
Phillips|100
Price|100
Ramirez|100
Ramos|100
Reed|100
Reyes|100
Richardson|100
Rivera|100
Roberts|100
Robinson|100
Rodriguez|100
Rogers|100
Ross|100
Ruiz|100
Sanchez|100
Sanders|100
Scott|100
Smith|100
Spanish|100
Stewart|100
Taylor|100
Thomas|100
Thompson|100
Torres|100
Turner|100
Vietnamese|100
Walker|100
Ward|100
Watson|100
Welsh|100
White|100
Williams|100
Wilson|100
Wood|100
Wright|100
Young|100
