James|100
Robert|100
John|100
Michael|100
William|100
David|100
Richard|100
Joseph|100
Thomas|100
Charles|100
Christopher|100
Daniel|100
Matthew|100
Anthony|100
Mark|100
Donald|100
Steven|100
Paul|100
Andrew|100
Joshua|100
Kenneth|100
Kevin|100
Brian|100
George|100
Edward|100
Ronald|100
Timothy|100
Jason|100
Jeffrey|100
Ryan|100
Jacob|100
Gary|100
Nicholas|100
Eric|100
Jonathan|100
Stephen|100
Larry|100
Justin|100
Scott|100
Brandon|100
Benjamin|100
Samuel|100
Gregory|100
Frank|100
Alexander|100
Raymond|100
Patrick|100
Jack|100
Dennis|100
Jerry|100
Tyler|100
Aaron|100
Jose|100
Adam|100
Henry|100
Nathan|100
Douglas|100
Zachary|100
Peter|100
Kyle|100
Walter|100
Ethan|100
Jeremy|100
Harold|100
Keith|100
Christian|100
Roger|100
Noah|100
Gerald|100
Carl|100
Terry|100
Sean|100
Austin|100
Arthur|100
Lawrence|100
Jesse|100
Dylan|100
Bryan|100
Joe|100
Jordan|100
Billy|100
Bruce|100
Albert|100
Willie|100
Gabriel|100
Logan|100
Alan|100
Juan|100
Wayne|100
Roy|100
Ralph|100
Randy|100
Eugene|100
Vincent|100
Russell|100
Elijah|100
Louis|100
Bobby|100
Philip|100
Johnny|100
